,Unnamed: 0,date,title,contents,tokens,tokens_title
0,2,2020.09.07,"코리아런드리, 위생관리에 특화된 세탁서비스로 승승장구","// flash 오류를 우회하기 위한 함수 추가
function _flash_removeCallback() {}

	
	최근 코로나19 재확산으로 인해 정부의 방역지침이 강화되고, ‘사회적 거리두기’가 2.5단계로 격상되면서 전 국민이 어려움을 겪고 있다. 코로나19 지역사회 확산이 본격화되면서 소비 심리가 급격히 위축되어 자영업자들은 매출 급감과 폐업 절벽에 내몰리고 있는 실정이다.㈜코리아런드리에서 운영 중인 매장 모습과 배포한 코로나19 행동 수칙 포스터이러한 가운데 프리미엄 셀프빨래방 브랜드 워시엔조이(WASHENJOY)를 운영하며 세탁장비 및 세탁솔루션을 유통하는 ㈜코리아런드리(서경노 대표이사)는 코로나19 확산으로 어려움을 겪고 있는 점주들과 상생하기 위해 항균제 지원 및 코로나19 감염증 확산을 막기 위한 행동 수칙 포스터를 제작하여 배포하는 등 위생 관리를 위한 도움의 손길을 내밀고 있다.㈜코리아런드리가 운영하는 전국 600개가 넘는 워시엔조이 모든 매장은 고객을 위한 위생 관리를 철저히 신경쓰고 있다. 전국의 모든 매장이 세계적으로 유일하게 HACCP 인증을 완료한 일렉트로룩스 프로페셔널 세탁 장비를 사용하고 있다. 이와 함께 세제 전문 회사와 오랜 연구개발 끝에 개발한 디스인펙턴트A(Disinfectant A)를 사용하는 자체 개발 항균세탁코스를 통해 전 국민이 안전하고, 깨끗하게 위생 관리를 할 수 있도록 세탁 서비스를 제공하고 있다.㈜코리아런드리는 이번 항균세탁코스와 함께 ‘세탁통항균세척’ 코스를 개발해 고객에 더욱 질높고 위생적인 세탁 서비스를 제공할 수 있도록 노력을 기울였다. ‘세탁통항균세척’ 코스는 셀프빨래방의 세탁기를 여러 명이 사용한다는 점에서 안심하고 이용할 수 있도록 개발한 ㈜코리아런드리만의 세탁 코스이다.또한, 코로나19의 영향으로 비대면 경제가 더욱 활성화되면서 현금 없는 ‘비접촉 결제’가 급증하고 있다. 더불어 디지털 결제 성장 속도 역시 빨라지고 있다.현금 없이도 멤버십 카드 솔루션을 통해 이용 가능한 워시엔조이 빨래방 모습이에 워시엔조이 빨래방은 ‘코인빨래방’, ‘동전빨래방’이라고 불리우며 동전, 지폐만 사용하던 빨래방에서 탈피해 업계 최초로 신용카드, 페이코, 삼성페이, 신한페이 등 다양한 간편결제 솔루션을 갖추어 고객들이 더욱 간편하고, 위생적으로 이용할 수 있도록 ‘간편결제 서비스’를 제공하고 있다.코로나19로 위생에 대한 전 세계인의 생각이 바뀐 지금, ㈜코리아런드리는 위생관리에 필요한 서비스를 개발해 감염증 확산을 막고, 고객에게 더욱 안전한 세탁 경험을 제공하기 위해 노력하고 있다.한편, ‘즐거운 빨래 문화를 만듭니다’라는 브랜드 모토로 2012년 론칭하며 국내 빨래방 시장의 한 획을 그은 워시엔조이는 6년 연속 소비만족지수 1위 기록, 600개가 넘는 매장 오픈 등 업계 독보적인 성장을 이어 오고 있다. 최근에는 중국, 태국 등에 진출해 국내를 넘어 해외에서도 프리미엄 빨래방 문화를 선도하고 있다.온라인뉴스부 iseoul@seoul.co.kr▶ 네이버에서 서울신문 구독하기 클릭! ▶ 세상에 이런 일이 ▶ [연예계 뒷얘기] 클릭!ⓒ 서울신문(www.seoul.co.kr), 무단전재 및 재배포금지",오류 우회 위한 함수 추가 최근 코로나 확산 인해 정부 방역 지침 강화 사회 거리 단계 격상 면서 국민 어려움 코로나 지역 사회 확산 본격 면서 소비 심리 위축 자영업 매출 급감 폐업 절벽 내몰리 실정 코리아 드리 운영 매장 모습 배포 코로나 행동 수칙 포스터 이러 가운데 프리미엄 셀프 빨래방 브랜드 워시 조이 운영 세탁장 세탁 솔루션 유통 코리아 런드 서경 대표 이사 코로나 확산 어려움 점주 상생 위해 항균 지원 코로나 감염증 확산 위한 행동 수칙 포스터 제작 배포 위생 관리 위한 도움 손길 내밀 코리아 드리 운영 전국 워시 매장 고객 위한 위생 관리 신경 전국 매장이 세계 유일 인증 완료 일렉트로 룩스 프로페셔널 세탁 장비 사용 세제 전문 회사 연구 개발 개발 디스 사용 자체 개발 항균 세탁 코스 통해 국민 전하 깨끗 위생 관리 도록 세탁 서비스 제공 코리아 드리 이번 항균 세탁 코스 세탁 통항 균세 코스 개발 고객 위생 세탁 서비스 제공 도록 노력 기울였 세탁 통항 균세 코스 셀프 빨래방 세탁기 사용 한다는 안심 이용 도록 개발 코리아 런드 리만 세탁 코스 코로나 영향 비대 경제 활성 면서 현금 접촉 결제 급증 더불 디지털 결제 성장 속도 빨라 현금 멤버십 카드 솔루션 통해 이용 가능 워시 조이 빨래방 모습 워시 조이 빨래방 코인 빨래방 동전 빨래방 불리우 동전 지폐 사용 빨래방 피해 업계 최초 신용카드 페이 삼성 페이 한페이 다양 간편 결제 솔루션 갖추 고객 간편 위생 이용 도록 간편 결제 서비스 제공 코로나 위생 대한 세계인 생각 바뀐 코리아 드리 위생 관리 필요 서비스 개발 감염증 확산 고객 전한 세탁 경험 제공 위해 노력 한편 즐거운 빨래 문화 만듭니다 라는 브랜드 모토 칭하 국내 빨래방 시장 그은 워시 조이 연속 소비 만족 지수 기록 매장 오픈 업계 독보 성장 최근 중국 태국 진출 국내 해외 프리미엄 빨래방 문화 선도 온라인 뉴스 네이버 서울 신문 구독 클릭 세상 연예계 뒷얘기 클릭 서울 신문 무단 전재 배포 금지,코리아 런드 위생 관리 특화 세탁 서비스 승승장구
1,4,2020.09.10,사회적 거리두기 2.5 연장에…커피값 내렸다,"// flash 오류를 우회하기 위한 함수 추가
function _flash_removeCallback() {}

	
	[일간스포츠 안민구]   서울 시내 한 할리스 커피 매장에 커피가격 할인을 알리는 포스터가 붙어있다. 연합뉴스    커피 프랜차이즈가 할인 공세에 나섰다. 사회적 거리두기 2.5단계 여파로 급감하는 매출을 방어하기 위해서다.     9일 업계에 따르면 사회적 거리두기 강화로 매장 내 취식이 금지되면서 커피전문점들의 매출은 거리두기 격상 이전 대비 20~30%가량 감소했다.     단순히 커피를 마시기 위해 방문하기보다 업무상 미팅을 하거나 카공족(카페에서 공부하는 사람들), 카피스족(카페에서 일하는 사람들) 방문 비중이 높다 보니 이번 조치로 매출이 급격하게 감소한 것이다.    급감하는 매출을 방어하기 위해 업계는 앞다퉈 할인 카드를 꺼내 들고 있다. 일반적인 이벤트보다 할인 규모와 대상을 대폭 늘려 굳게 닫힌 소비자들의 지갑을 열겠다는 의도다.    할리스커피는 아메리카노를 기존 4100원에서 3000원으로 약 27% 할인 판매하고 있다. 카페라떼도 4600원에서 1000원 이상 할인된 3500원에 판매 중이다. 커피빈은 오는 13일까지 고객들에게 무료 사이즈 업 혜택을 제공한다. 또 드라이브스루를 통해 제조 음료 2잔 이상 구매 시 마카롱 1개를 주는 이벤트도 진행해 비대면 고객들을 포섭하고 있다.    폴바셋은 9월 한 달 동안 1만원 이상 비대면 주문 고객에게 적립 혜택을 추가키로 했다. 공차코리아도 최근 공차 멤버십 오더로 제조 음료를 주문할 경우 500원을 할인하는 이벤트를 진행했다.    던킨은 5000원 이상의 제품을 픽업 주문하는 고객에게 즉시 2000원을 할인해주는 행사를 이달 말까지 진행한다.      달콤 커피 할인    달콤은 페이코 오더 주문 시 모든 메뉴 2000원 할인 프로모션을 실시 중이다. 이번 프로모션은 지난 8일부터 전국의 달콤 매장(일부 특수 매장 제외)에서 시작됐다.      할인 구매 방법은 페이코 앱 내 '페이코 오더'를 통해 가까운 달콤 매장과 메뉴를 선택하고, 페이코로 결제하면 즉시 할인된다. 계정당 1일 1회씩, 월 최대 3회까지 적용 가능하며, 매월 1일을 기준으로 할인 횟수는 초기화된다. 달콤 관계자는 ""소비자와 가맹점 모두가 어려운 시기를 맞아 함께 위기를 극복하자는 취지에서 이번 상생 프로모션을 마련했다""고 말했다.       업계는 매장 고객을 대체할 배달 고객 유치에도 적극적이다.    파리바게뜨는 13일까지 배달 앱 해피오더에서 1만2000원 이상 주문하는 고객에게 무료로 배달 서비스를 제공한다. 이와 함께 해피포인트를 5% 적립해 준다. 고객 배달비 부담을 최소화해 매장 방문 대신 집에서도 편하게 이용할 수 있게끔 하려는 의도다.    파스쿠찌도 해피오더에서 커피와 디저트를 배달 주문하는 고객에게 배달비 2000원을 할인해주는 이벤트를 오는 30일까지 진행한다.     이디야커피는 이날 하루 배달 앱 '배달의민족'에서 음료와 베이커리 메뉴를 주문하는 고객에게 4000원을 할인해줬다. 앞서 지난 1일, 3일에 이은 세 번째 행사다. 통상 배달비용이 3000원 수준인 것을 고려하면 배달비 부담 없이 가볍게 배달 서비스를 체험할 수 있게 해 기존에 카페 배달에 거부감이 있던 신규 고객들을 유치할 수 있는 효과를 노린 것이다.     이 밖에 스타벅스는 사회적 거리두기 2.5단계 격상에 매장 이용이 어려워지자 고객 편의를 위해 e쿠폰 사용 기간을 두 달 연장했다. 지난달 30일부터 이달 30일 사이 만료 예정인 e쿠폰 유효기간을 60일씩 연장했다. 스타벅스는 지난 2월에도 코로나19 감염 확산에 따라 쿠폰 기한을 연장한 바 있다.    업계 관계자는 ""커피전문점들이 이벤트성으로 통신사 할인 혜택 등을 적용한 적은 있었어도 이처럼 대대적으로 가격 인하에 나선 것은 처음""이라며 ""매장 영업이 불가능하다고 해서 매출을 포기할 순 없기 때문에 가능한 모든 방법을 모색하고 있다”고 말했다.     안민구 기자 an.mingu@joongang.co.kr    ▶ [오늘의 운세 바로가기] [만화 바로가기]▶ [일간스포츠 바로가기]     ⓒ일간스포츠(https://isplus.joins.com) 무단 전재 및 재배포 금지""",오류 우회 위한 함수 추가 일간스포츠 민구 서울 시내 할리스 커피 매장 커피 가격 할인 알리 포스터 연합뉴스 커피 프랜차이즈 할인 공세 나섰 사회 거리 두기 단계 여파 급감 매출 방어 위해서 업계 따르 사회 거리 두기 강화 취식 금지 면서 커피 전문점 매출 거리 두기 격상 이전 대비 가량 감소 커피 마시 위해 방문 업무 미팅 거나 공족 카페 공부 사람 카피스 카페 사람 방문 비중 이번 조치 매출 급격 감소 급감 매출 방어 위해 업계 다퉈 할인 카드 꺼내 일반 이벤트 할인 규모 대상 늘려 닫힌 소비자 지갑 다는 의도 할리스 커피 아메리카노 기존 할인 판매 카페 라떼 이상 할인 판매 커피 고객 무료 사이즈 혜택 제공 한다 드라이브 스루 통해 제조 음료 이상 구매 마카롱 이벤트 진행 비대 고객 포섭 폴바셋 동안 이상 비대 주문 고객 적립 혜택 추가 키로 공차 코리아 최근 공차 멤버십 오더 제조 음료 주문 경우 할인 이벤트 진행 던킨 이상 제품 픽업 주문 고객 할인 행사 이달 진행 한다 달콤 커피 할인 페이 오더 주문 메뉴 할인 프로모션 실시 이번 프로모션 지난 전국 달콤 매장 일부 특수 매장 제외 시작 할인 구매 방법 페이 페이 오더 통해 가까운 달콤 매장 메뉴 선택 페이 코로 결제 할인 된다 계정 최대 적용 가능 기준 할인 횟수 초기 된다 달콤 관계자 소비자 가맹점 모두 어려운 시기 위기 극복 자는 취지 이번 상생 프로모션 마련 업계 고객 대체 배달 고객 유치 적극 파리바 배달 해피 오더 이상 주문 고객 무료 배달 서비스 제공 한다 해피 포인트 적립 준다 고객 배달 부담 최소 방문 대신 편하 이용 게끔 려는 의도 파스 찌도 해피 오더 커피 디저트 배달 주문 고객 배달 할인 이벤트 진행 한다 이디야 커피 이날 하루 배달 배달 민족 음료 베이커리 메뉴 주문 고객 할인 앞서 지난 행사 통상 배달 비용 수준 고려 배달 부담 가볍 배달 서비스 체험 기존 카페 배달 거부 신규 고객 유치 효과 노린 스타 벅스 사회 거리 두기 단계 격상 이용 어려워 고객 편의 위해 쿠폰 사용 기간 연장 지난달 이달 사이 만료 예정 쿠폰 유효 기간 연장 스타 벅스 지난 코로나 감염 확산 따라 쿠폰 기한 연장 업계 관계자 커피 전문점 이벤트 통신사 할인 혜택 적용 어도 대대 가격 인하 나선 처음 라며 매장 영업 가능 다고 해서 매출 포기 때문 가능 방법 모색 민구 기자 오늘 운세 만화 일간스포츠 일간스포츠 무단 전재 배포 금지,사회 거리 두기 연장 커피 내렸
2,13,2020.09.10,2차 재난지원금에 지자체 보조까지…카드업계 ‘물밑 분주’,"// flash 오류를 우회하기 위한 함수 추가
function _flash_removeCallback() {}

대구 2차 재난지원금 지급에 9개 카드사 참여…일부 카드사선 마케팅도춘천시 '신한·농협·BC(농협)' 동참…당정 2차 재난지원금 조건도 '촉각'카드사들이 올 상반기에 이어 하반기에도 각 지자체 및 2차 긴급재난지원금 지급 등으로 분주한 모습을 보이고 있다.(자료사진) ⓒ데일리안이른바 ‘코로나 시국’을 맞은 카드사들이 상반기에 이어 하반기에도 각 지자체 및 2차 긴급재난지원금 지급 준비 등으로 분주한 모습을 보이고 있다.10일 카드업계에 따르면 현재 대구광역시가 오는 25일까지 전 지역민을 대상으로 10만원의 2차 재난지원금(대구희망지원금)을 지급하고 있는 가운데 신한·KB·삼성·현대·롯데·우리·하나·BC·NH 등 국내 9개 카드사가 팔을 걷고 나섰다. 지역상품권 뿐 아니라 신용 및 체크카드로도 신청이 가능해 카드사들이 ARS나 온라인을 통해 신청 접수에 나선 것이다.이용방식은 지난 5월 시행된 정부의 긴급재난지원금과 동일하다. 지원금을 사용할 특정 카드사를 선택하면 신청 후 익일부터 사용이 가능하며 카드 결제에 따른 포인트 적립·할인 등 혜택도 동일하게 받을 수 있다. 코로나19 관련 내수 진작 및 소상공인 지원 취지에 따라 백화점과 대형마트, 온라인 거래 등에서는 사용이 제한된다는 점도 같다.일부 카드사는 이 과정에서 고객 유치를 위한 마케팅전도 펼치고 있다. KB국민카드는 대구희망지원금을 자사 카드로 신청한 고객을 대상으로 추첨(자동응모)을 통해 노트북과 신형 TV, 밥솥 등을 경품으로 내걸었다. 삼성카드도 신청자 전원을 대상으로 비말마스크 등 사은품을 제공한다고 안내에 나서기도 했다.강원도 춘천시가 이번주부터 내달 16일까지 진행 중인 재난지원금 지급에도 일부 카드사(신한카드·농협카드·농협BC카드)가 참여하고 있다. 지자체가 최근 사업비 4000여만원을 투입해 자체 재난지원금 시스템을 구축했는데 이를 카드사와 연결해 온라인 신청이 가능해진 것이다. 온라인 뿐 아니라 춘천시 내 소재한 해당은행(신한은행/농협은행) 창구에서도 접수가 가능하다.한편 카드업계는 정부가 추석 전 지급을 목표로 논의 중인 ‘2차 긴급재난지원금’에도 촉각을 곤두세우고 있는 모습이다. 앞서 코로나19로 주춤했던 소비수요가 2분기 재난지원금 지급을 필두로 잠시 살아나 카드업계 실적에도 일정부분 영향을 미친 바 있기 때문이다. 업계는 1차 재난지원금 지급을 위한 서버 증설이나 관련 시스템이 이미 구축돼 있어 2차 지급에 따른 비용 부담은 크지 않을 것으로 보고 있다.현재 2차 긴급재난지원금은 아직 구체적인 규모나 내용은 아직 확정되고 있지 않고 있으나 정부와 여당은 전 국민을 대상으로 했던 1차와 달리 2차 지원금은 자영업자와 소상공인, 저소득자 등 코로나 관련 피해가 큰 계층을 선별해 지급하겠다는 방침을 밝히고 있다. 이에 대한 찬반 논란이 첨예한 가운데 일각에서는 선별지급 방침에 따른 소비진작 효과는 1차 대비 크지 않을 것이라는 전망도 내놓고 있다.업계의 한 관계자는 “아직 구체적인 지원 조건 등이 발표되지 않아 일단 상황을 주시하고 있다”면서 ""1차 지원금 지급 당시만 하더라도 일반국민은 물론 실무자들조차 신청방식 등에 혼선을 빚으면서 민원이 급증한 바 있으나 노하우가 생긴 만큼 초기 당시의 혼선은 최소화하면서 안정적 지급이 가능하도록 뒷받침할 수 있을 것""이라고 밝혔다.데일리안 배근미 기자 (athena3507@dailian.co.kr)ⓒ (주)데일리안 - 무단전재, 변형, 무단배포 금지",오류 우회 위한 함수 추가 대구 재난 지원금 지급 카드 참여 일부 카드 사선 마케팅 춘천시 신한 농협 농협 동참 당정 재난 지원금 조건 촉각 카드 상반기 하반기 지자체 긴급 재난 지원금 지급 분주 모습 보이 자료 사진 데일리안 코로나 시국 카드 상반기 하반기 지자체 긴급 재난 지원금 지급 준비 분주 모습 보이 카드 업계 따르 대구 광역시 지역민 대상 재난 지원금 대구 희망 지원금 지급 가운데 신한 삼성 현대 롯데 우리 하나 국내 카드 나섰 지역 상품권 아니 신용 체크카드 신청 가능 카드 온라인 통해 신청 접수 나선 이용 방식 지난 시행 정부 긴급 재난 지원금 동일 지원금 사용 특정 카드 선택 신청 익일 사용 가능 카드 결제 따른 포인트 적립 할인 혜택 동일 코로나 관련 내수 상공 지원 취지 따라 백화점 대형 마트 온라인 거래 사용 제한 된다는 일부 카드 과정 고객 유치 위한 마케팅 펼치 국민카드 대구 희망 지원금 자사 카드 신청 고객 대상 추첨 자동 응모 통해 노트북 밥솥 경품 내걸 삼성 카드 신청자 전원 대상 비말 마스크 사은품 제공 한다고 안내 나서 강원도 춘천시 이번 내달 진행 재난 지원금 지급 일부 카드 신한 카드 농협 카드 농협 카드 참여 지자체 최근 사업비 투입 자체 재난 지원금 시스템 구축 는데 카드 연결 온라인 신청 가능 해진 온라인 아니 춘천시 소재 해당 은행 신한은행 농협 은행 창구 접수 가능 한편 카드 업계 정부 추석 지급 목표 논의 긴급 재난 지원금 촉각 곤두세우 모습 코로나 소비 수요 분기 재난 지원금 지급 필두 살아나 카드 업계 실적 일정 부분 영향 미친 때문 업계 재난 지원금 지급 위한 서버 증설 관련 시스템 구축 지급 따른 비용 부담 긴급 재난 지원금 구체 규모 내용 확정 으나 정부 여당 국민 대상 지원금 자영업 소상 공인 저소득 관련 피해 계층 선별 지급 다는 방침 밝히 대한 찬반 논란 첨예 가운데 일각 선별 지급 방침 따른 소비 진작 효과 대비 라는 전망 내놓 업계 관계자 구체 지원 조건 발표 상황 주시 면서 지원금 지급 당시 더라도 일반 국민 실무자 신청 방식 혼선 으면서 민원 급증 으나 노하우 생긴 만큼 초기 당시 혼선 최소 면서 안정 지급 가능 도록 뒷받침 밝혔 데일리안 배근 기자 데일리안 무단 전재 변형 무단 배포 금지,재난 지원금 지자체 보조 카드 업계 분주
3,16,2020.09.09,마일리지 없애고 OTT 강화…코로나에 카드사 언택트 바람,"// flash 오류를 우회하기 위한 함수 추가
function _flash_removeCallback() {}

9일 여신금융협회에 따르면 올해 7월 6일까지 65건의 카드가 신규 출시됐다. /더팩트DB올해 상반기 신규 신용카드 출시 65건 달해[더팩트│황원영 기자] 항공 마일리지 적립 혜택 대신 디지털 인터넷동영상 서비스(OTT) 할인 혜택을 강화한 카드가 쏟아졌다. 코로나19로 언택트(비대면) 소비가 급증하면서 신용카드사 역시 카드 혜택을 빠르게 리빌딩하고 있는 것이다. 카드사들이 소비 패턴 변화에 따른 신상품을 대거 내놓으면서 올해 상반기 신규 신용카드 출시건수는 지난 한해 전체 출시건수를 넘어섰다.9일 여신금융협회에 따르면 올해 7월 6일까지 출시된 신규 신용카드는 65건에 달한다. 반년여 만에 지난해 전체 출시량 (61건)을 훌쩍 넘어섰다. 2018년 전체 출시량(109건)과 비교해도 올해 신상품 출시가 더 활발한 편이다.체크카드 신규 출시도 21건으로 작년 전체 출시량 30건의 3분의 2를 웃돌았다.반면, 이 기간 단종된 신용카드는 76건으로 작년 전체 단종 수량 160건의 절반 수준에 그쳤다.지난해 신용카드 8종을 출시한 KB국민카드는 최근까지 13건을 출시했다. 올해 체크카드 출시량도 5건으로 지난해(4건) 보다 많다. 삼성카드는 올해 신상품 11건을 출시하면서 지난해 출시 건수(6건)를 넘겼다.업계는 재택근무 확산과 사회적 거리두기 등 코로나19로 달라진 소비·결제 패턴을 반영한 결과 상품 출시가 활발해진 것으로 분석했다. 항공 마일리지, 면세점·워터파크·놀이공원 할인 등의 혜택을 제시하는 카드의 인기가 시들시들해지고 온라인(비대면) 쇼핑·배달·OTT 등 혜택을 제공하는 카드의 인기가 뜨거워지면서 이에 맞춘 신상품을 대거 출시한 것이다.각종 간편결제 서비스와 손잡고 할인 혜택을 제공하는 카드도 속속 등장했다. 인터넷 쇼핑에 있어 간편결제 사용이 증가하는 점을 반영했다.삼성카드가 최근 출시한 '탭탭 디지털'은 삼성페이, 네이버페이, 카카오페이, 페이코, 스마일페이 등으로 국내 온라인 가맹점에서 결제하면 5% 할인혜택을 제공하고, 전월 이용금액에 따라 2만 원까지 결제일 할인혜택을 준다. 또 넷플릭스, 웨이브, 왓챠, 멜론, 플로 등 스트리밍 이용료도 50% 할인해준다.하나카드도 OTT 웨이브 구독료 중 최대 1만3900원을 현금성 포인트로 돌려주고 전월 실적이 40만 원을 넘기면 스타벅스와 커피빈 등에서 5% 청구할인을 받을 수 있는 '웨이브 카드'를 6월에 출시했다.지난달 3일 롯데카드의 경우 온라인 쇼핑몰 이용시 10%의 할인 혜택을 제공하는 '로카 포 쇼핑' 카드를 출시했다. 농협카드의 'NH20 해봄카드'는 건당 1만 원 이상 결제시 배달의민족과 요기요 등 배달앱에서 10%의 청구할인을 제공하는 '배달앱 특화 카드'다.업계 관계자는 ""코로나19 확산 이후 소비자의 소비 패턴이 바뀜에 따라 카드사들의 신상품 출시가 급증한 것으로 보인다""며 ""다만, 상반기 단종된 카드수가 적고 출시된 신상품 수가 많은 만큼 하반기에 카드사별 라인업 정리와 알짜 카드 단종이 뒤따를 수 있다""고 전망했다.wony@tf.co.kr- TMA 티켓 얻는 방법? [팬버십 가입하기▶]  - 내 아이돌 응원하기 [팬앤스타▶]  저작권자 ⓒ 특종에 강한 더팩트 & tf.co.kr 무단 전재 및 재배포 금지",오류 우회 위한 함수 추가 여신 금융 협회 따르 올해 카드 신규 출시 올해 상반기 신규 신용 카드 출시 달해 황원영 기자 항공 마일리지 적립 혜택 대신 디지털 인터넷 동영상 서비스 할인 혜택 강화 카드 쏟아졌 코로나 택트 비대 소비 급증 면서 신용카드 카드 혜택 빠르 리빌 카드 소비 패턴 변화 따른 신상품 내놓 으면서 올해 상반기 신규 신용 카드 출시 건수 지난 전체 출시 건수 넘어섰 여신 금융 협회 따르 올해 출시 신규 신용 카드 달한다 반년 지난해 전체 출시 넘어섰 전체 출시 비교 해도 올해 신상품 출시 활발 체크카드 신규 출시 작년 전체 출시 웃돌 반면 기간 단종 신용카드 작년 전체 단종 수량 절반 수준 그쳤 지난해 신용 카드 출시 국민카드 최근 출시 올해 체크카드 출시 량도 지난해 삼성카드 올해 신상품 출시 면서 지난해 출시 건수 넘겼 업계 재택근무 확산 사회 거리 두기 코로나 달라진 소비 결제 패턴 반영 결과 상품 출시 활발 해진 분석 항공 마일리지 면세점 워터 파크 놀이 공원 할인 혜택 제시 카드 인기 온라인 비대 쇼핑 배달 혜택 제공 카드 인기 뜨거워지 면서 맞춘 신상품 출시 각종 간편 결제 서비스 손잡고 할인 혜택 제공 카드 등장 인터넷 쇼핑 간편 결제 사용 증가 반영 삼성 카드 최근 출시 디지털 삼성 페이 네이버 페이 카카오 페이 페이 스마일 페이 국내 온라인 가맹점 결제 할인 혜택 제공 전월 이용 금액 따라 결제 할인 혜택 준다 넷플릭스 웨이브 멜론 플로 스트리밍 이용료 할인 준다 하나 카드 웨이브 구독료 최대 현금 포인트 돌려주 전월 실적 넘기 스타 벅스 커피 청구 웨이브 카드 출시 지난달 롯데카드 경우 온라인 쇼핑몰 용시 할인 혜택 제공 로카 쇼핑 카드 출시 농협 카드 해봄 카드 건당 이상 제시 배달 민족 요기 배달 청구 제공 배달 특화 카드 업계 관계자 코로나 확산 이후 소비자 소비 패턴 바뀜 따라 카드 신상품 출시 급증 보인다 상반기 단종 카드 출시 신상품 만큼 하반기 카드 사별 라인업 정리 알짜 카드 단종 뒤따를 전망 티켓 방법 가입 아이돌 응원 스타 저작권자 특종 강한 무단 전재 배포 금지,마일리지 없애 강화 코로나 카드 택트 바람
4,7,2020.09.04,"그래픽 DRAM, 다른 메모리보다 시황 양호…문제는 볼륨","// flash 오류를 우회하기 위한 함수 추가
function _flash_removeCallback() {}

◆…자료:트랜드포스디램(DRAM)과 낸드 플래시(NAND Flash) 등 메모리 시장의 침체가 계속되는 가운데 그래픽 D램 시장의 흐름은 양호한 것으로 나타났다.시자조사회사 트랜드포스는 4일 코로나19의 대유행에 따라 재택근무의 확산과 장기화, 원격 교육이 일상생활의 한 부분으로 자리 잡으면서 노트북 출하량이 두 자릿수 증가를 기록하고 2분기 그래픽 카드 시장에도 영향을 미친 것으로 조사됐다고 발표했다.올해 그래픽 카드 업계의 하이라이트는 엔비디아가 최근 발표한 지포스RTX 암페어(Ampere) 3000 시리즈와 4분기 AMD가 출시할 빅 네비(Big Navi)로 현재 엔비디아 RTX3000 시리즈는 업계에 전달돼 검증과 테스트가 진행되고 있다.이러한 절차가 완료되고 일정에 맞춰 출시된다면 그래픽 카드 시장의 긍정적 환경은 4분기까지 계속될 것으로 보인다. 그래픽 D램 측면에서 보자면 새 카드는 이전 세대에 비해 유닛(개) 당 더 많은 D램 용량을 탑재하고 있다.유닛 당 더 많은 그래픽 D램 용량이 내장된다는 것은 그래픽용 디램의 가격이 하락하지 않을 것이라는 분석이 가능하다. 따라서 4분기 GDDR5 가격은 전체 디램 가격의 하락세와 달리 상승세를 이어갈 것으로 예상되고 GDDR6의 하락폭은 축소될 가능성이 크다는 분석이다.그래픽 디램 공급을 주도하는 3대 공급업체 삼성전자와 SK하이닉스, 마이크론은 GDDR5에서 GDDR6로 ᅟᅥᆫ환을 가속화 하며 전체 그래픽 디램 비트(용량) 출하량이 60%에 달하며 GDDR5출하량을 넘어섰다.수요측면에서는 GDDR5를 탑재한 튜링(Turing) 아키텍처 기반 엔비디아 그래픽 카드가 지난 2분기 시장의 대부분을 차지했다. GDDR6전환이 이뤄지면서 상대적으로 GDDR5가 공급이 부족하게 되면서 가격이 오르는 상황이 발생한 것이다.현재 GDDR5 8Gb 칩의 현물시장 가격은 3분기 장기고객 계약가격에 비해 10% 이상 높은 관계로 엔비디아의 RTX3000 시리즈 그래픽 카드의 생산과 출하가 정상적으로 이뤄지는 과도기 동안 공급부족이 계속될 것으로 예상돼 GDDR5 계약가격은 다른 디램 제품보다 먼저 급등할 가능성이 큰 것으로 예상했다.현재 하락세를 보이고 있는 GDDR6도 엑스박스 시리즈X와 소니 PS5(플레이스테이션5) 출시에 맞춰 수요가 증가하고, 최신 그래픽 카드에 채택됨에 따라 제품 저환 기간이 끝나면 수요는 급증할 것으로 조인다.다만 GDDR6 제품의 공급은 D램 제조업체들이 그래픽 디램 생산라인을 GDDR6로 전환하고 있기 때문에 상당히 여유가 있는 편이다. 따라서 GDDR6 8Gb 칩의 평균 현물가와 계약가격은 비슷한 수준을 보이고 있다.현물가격과 계약가격에 큰 괴리가 발생하지 않고 있어 GDDR6 제품의 계약가격은 안정 될 것으로 예상되며 4분기에 또 다른 두 자릿수 전분기 대비 하락할 가능성은 낮다고 전망했다.한편 트랜드포스는 그래픽 디램의 거래조건이 상대적으로 양호하다고 했도 전체 디램 시장에서 차지하는 비중이 6%에 불과하기 때문에 전체 디래미장을 읽는 척도로 사용해서는 안 된다고 강조했다.▶ 조세일보 홈페이지 / 정회원 가입▶ 조세일보 네이버 뉴스스탠드 구독(종합/경제)백성원(peacetech@joseilbo.com)저작권자 ⓒ 조세일보(http://www.joseilbo.com). 무단전재 및 재배포 금지",오류 우회 위한 함수 추가 자료 트랜드 포스 디램 낸드 플래시 메모리 시장 침체 계속 가운데 그래픽 시장 흐름 양호 나타났 시자 조사 회사 트랜드 포스 코로나 대유행 따라 재택근무 확산 장기 원격 교육 일상생활 부분 자리 으면서 노트북 출하량 자릿수 증가 기록 분기 그래픽 카드 시장 영향 미친 조사 다고 발표 올해 그래픽 카드 업계 하이라이트 비디아 최근 발표 지포스 암페어 시리즈 분기 출시 네비 비디아 시리즈 업계 전달 검증 테스트 진행 이러 절차 완료 일정 맞춰 출시 된다면 그래픽 카드 시장 긍정 환경 분기 계속 보인다 그래픽 측면 자면 카드 이전 세대 비해 유닛 용량 탑재 유닛 그래픽 용량 내장 된다는 그래픽 디램 가격 하락 라는 분석 가능 분기 가격 전체 디램 가격 하락세 상승세 예상 하락 축소 가능 다는 분석 그래픽 디램 공급 주도 공급 업체 삼성전자 하이닉스 마이크 ᅟᅥᆫ환을 가속 전체 그래픽 디램 비트 용량 출하량 달하 출하량 넘어섰 수요 측면 탑재 튜링 아키텍처 기반 비디아 그래픽 카드 지난 분기 시장 대부분 차지 전환 이뤄 면서 상대 공급 부족 면서 가격 오르 상황 발생 현물 시장 가격 분기 장기 고객 계약 가격 비해 이상 관계 비디아 시리즈 그래픽 카드 생산 출하 정상 이뤄지는 과도기 동안 공급 부족 계속 예상 계약 가격 디램 제품 급등 가능 예상 하락세 보이 엑스 박스 시리즈 소니 플레이 스테이션 출시 맞춰 수요 증가 최신 그래픽 카드 채택 따라 제품 기간 끝나 수요 급증 조인다 제품 공급 제조 업체 그래픽 디램 생산 라인 전환 때문 여유 평균 물가 계약 가격 비슷 수준 보이 현물 가격 계약 가격 괴리 발생 제품 계약 가격 안정 예상 분기 자릿수 분기 대비 하락 가능 다고 전망 한편 트랜드 포스 그래픽 디램 거래 조건 상대 양호 다고 전체 디램 시장 차지 비중 때문 전체 디래 미장 척도 사용 해서 된다고 강조 조세일보 홈페이지 정회원 가입 조세일보 네이버 뉴스 스탠드 구독 종합 경제 성원 저작권자 조세일보 무단 전재 배포 금지,그래픽 메모리 시황 양호 문제 볼륨
5,0,2020.09.07,거리두기 3단계 격상돼도 시중은행 영업점 폐쇄는 없다,"// flash 오류를 우회하기 위한 함수 추가
function _flash_removeCallback() {}

한 시증은행 행원이 코로나19 방역과 관련한 고객안내문을 부착하고 있다.잠잠해지던 코로나19가 국내에서 재확산되기 시작하면서 금융사들도 대응에 나서고 있다. 사회적 거리두기 3단계 격상 가능성이 거론되는 만큼, 은행들은 방역수칙을 준수하면서 영업점 운영을 지속하고 있다. 카드업계도 비대면 영업에 중점을 두되 대면영업을 중단하지 않는다는 계획이다. 다만 보험사들은 보험설계사들의 대면영업을 잠정적으로 중단하겠다고 밝혔다.인력분산·재택근무 강화금융권에 따르면 국내 시중은행들을 비롯한 금융사들은 현재 사회적 거리두기 2단계에 맞춰 본사, 영업점을 운영하고 있다. 신한은행의 경우 현재 본부부서 이원화 및 재택 근무를 부서별 15%로 유지하고 있다. 하나은행은 지난 19일부터 2주간 재택근무 및 대체사업장 분산근무 비중을 40% 이상으로 상향 조정했다. 우리은행도 본사를 포함한 8곳에 인력을 분산 배치해 운영하고 있다.사회적 거리 두기 3단계가 실행되면 은행들은 본점 직원들의 분산 비율을 더 높이고, 재택근무 실시 등 강화된 방역지침에 맞춰 추가적인 대응에 나선다는 계획이다. 다만 영업점의 경우 사회적 거리두기가 3단계로 올라간다 하더라도 고객들의 원활한 금융서비스 제공을 위해 분산근무나 지점 폐쇄에 들어가지는 않을 전망이다.시중은행 관계자는 “은행들은 금융당국이 배포한 사회적 거리두기 2단계 가이드라인에 맞춰 본사나 콜센터의 경우 인력분산 및 재택근무를 진행하고 있고, 개별 영업점들은 소독제 비치, 마스크 의무착용, 창구마다 가림막을 설치하는 등의 조치를 실시하고 있다”며 “영업점은 사회적 거리두기 3단계가 발령된다 하더라도 필수적인 금융거래를 위해 고객들이 내방해야 하다보니 영업점 폐쇄를 고려하긴 쉽지 않다”고 설명했다.이어 “3단계가 발령되더라도 방역을 철저히 진행하면서 2단계와 동일한 수준으로 유지하되, 향후 금융당국의 가이드라인이 발표된다면 세부안에 맞춰 영업점을 운영할 것”이라고 덧붙였다.보험설계사  대면영업 중단지난 1일 금융위원회와 생명·손해보험협회, 보험대리점협회는 사회적 거리두기 2.5단계가 시행되는 기간 잠정적으로 보험설계사들의 대면영업을 중단하기로 결정했다. 당초 해당 기간 설계사의 영업을 전면 중지하는 방안이 논의됐지만, 보험업계가 자발적으로 나서 잠정적으로 중단하기로 합의했다.다만 보험업계는 대면영업이 중단되는 만큼 비대면 영업에 힘쓰겠다는 입장이다. 사회적 거리두기 3단계가 발령될 경우, 보험설계사들이 전화상으로 상품 약관 등을 설명하고 자필 서명 동의를 받을 수 있도록 모바일 전자서명 서비스를 시행할 계획이다.손보협회 관계자는 “보험업은 여타 금융사들이 판매하고 있는 금융상품들보다 상품구조나 약관들이 복잡하다 보니 대면영업이 준 필수에 가깝게 요구된다”며 “코로나19라는 특수한 상황 속 3단계가 발령될 경우 대면영업으로 인한 전염을 막기 위해 비대면으로 영업활동을 진행할 예정”이라고 설명했다.다만 보험업계와 비슷하게 대면영업이 주가되는 카드사들은 대면영업을 중단하기 힘들다는 입장이다. 특히 실물카드를 고객 본인을 만나 전달해야 하는 카드사의 영업방식 특성 상 사회적 거리두기 3단계가 발령될 경우 방역수칙을 최대한 준수하면서 대면영업을 지속한다는 계획이다.카드사 관계자는 “3단계가 발령될 시 카드 재발급을 제외한 금융서비스들을 인터넷이나 모바일 애플리케이션을 이용하도록 안내할 방침”이라며 “카드영업 특성상 고객을 만나지 않는 비대면 영업이 불가능한 측면도 있다 보니 금융당국과 좀 더 논의를 진행해야 할 것같다”고 설명했다.김동운 쿠키뉴스 기자 chobits3095@kukinews.com▶ 네이버에서 국민일보를 구독하세요(클릭)▶ 국민일보 홈페이지 바로가기GoodNews paper ⓒ 국민일보(www.kmib.co.kr), 무단전재 및 재배포금지",오류 우회 위한 함수 추가 은행 행원 코로나 방역 관련 고객 안내문 부착 잠잠 코로나 국내 확산 시작 면서 금융 대응 나서 사회 거리 두기 단계 격상 가능 거론 만큼 은행 방역 수칙 면서 영업 운영 지속 카드 업계 비대 영업 중점 영업 중단 는다는 계획 보험 보험 설계사 대면 영업 잠정 중단 다고 밝혔 인력 분산 재택근무 강화 금융 따르 국내 시중 은행 비롯 금융 사회 거리 두기 단계 맞춰 본사 영업 운영 신한은행 경우 본부 부서 이원화 재택 근무 부서 유지 하나 은행 지난 주간 재택근무 사업장 분산 근무 비중 이상 상향 조정 우리 은행 본사 포함 인력 분산 배치 운영 사회 거리 두기 단계 실행 은행 본점 직원 분산 비율 높이 재택근무 실시 강화 방역 지침 맞춰 추가 대응 나선다는 계획 영업 경우 사회 거리 두기 단계 올라간다 더라도 고객 원활 금융 서비스 제공 위해 분산 근무 지점 폐쇄 가지 전망 시중 은행 관계자 은행 금융 당국 배포 사회 거리 두기 단계 가이드라인 맞춰 본사 센터 경우 인력 분산 재택근무 진행 개별 영업 소독 비치 마스크 의무 착용 창구 가림막 설치 조치 실시 영업 사회 거리 두기 단계 발령 된다 더라도 필수 금융 거래 위해 고객 내방 해야 영업 폐쇄 고려 설명 단계 발령 더라도 방역 진행 면서 단계 동일 수준 유지 향후 금융 당국 가이드라인 발표 된다면 세부 맞춰 영업 운영 라고 덧붙였 보험 설계사 대면 영업 중단 지난 금융 위원회 생명 손해 보험 협회 보험 대리점 협회 사회 거리 두기 단계 시행 기간 잠정 보험 설계사 대면 영업 중단 결정 당초 해당 기간 설계사 영업 전면 중지 방안 논의 지만 보험업 자발 잠정 중단 합의 보험업 영업 중단 만큼 비대 영업 힘쓰 다는 입장 사회 거리 두기 단계 발령 경우 보험 설계사 전화 상품 약관 설명 자필 서명 동의 도록 모바일 전자서명 서비스 시행 계획 협회 관계자 보험업 여타 금융 판매 금융 상품 상품 구조 약관 복잡 영업 필수 가깝 요구 된다 코로나 라는 특수 상황 단계 발령 경우 대면 영업 인한 전염 위해 비대 영업 활동 진행할 예정 라고 설명 보험업 비슷 영업 주가 카드 대면 영업 중단 힘들 다는 입장 실물 카드 고객 본인 만나 전달 해야 카드 영업 방식 특성 사회 거리 두기 단계 발령 경우 방역 수칙 최대한 준수 면서 영업 지속 한다는 계획 카드 관계자 단계 발령 카드 발급 제외 금융 서비스 인터넷 모바일 애플리케이션 이용 도록 안내 방침 라며 카드 영업 특성 고객 만나 비대 영업 가능 측면 금융 당국 논의 진행 해야 설명 김동운 쿠키 뉴스 기자 네이버 국민 일보 구독 세요 클릭 국민 일보 홈페이지 국민 일보 무단 전재 배포 금지,거리 두기 단계 격상 돼도 시중 은행 영업 폐쇄
6,5,2020.09.04,"그래픽 DRAM, 다른 메모리보다 시황 양호…문제는 볼륨","// flash 오류를 우회하기 위한 함수 추가
function _flash_removeCallback() {}

◆…자료:트랜드포스디램(DRAM)과 낸드 플래시(NAND Flash) 등 메모리 시장의 침체가 계속되는 가운데 그래픽 D램 시장의 흐름은 양호한 것으로 나타났다.시자조사회사 트랜드포스는 4일 코로나19의 대유행에 따라 재택근무의 확산과 장기화, 원격 교육이 일상생활의 한 부분으로 자리 잡으면서 노트북 출하량이 두 자릿수 증가를 기록하고 2분기 그래픽 카드 시장에도 영향을 미친 것으로 조사됐다고 발표했다.올해 그래픽 카드 업계의 하이라이트는 엔비디아가 최근 발표한 지포스RTX 암페어(Ampere) 3000 시리즈와 4분기 AMD가 출시할 빅 네비(Big Navi)로 현재 엔비디아 RTX3000 시리즈는 업계에 전달돼 검증과 테스트가 진행되고 있다.이러한 절차가 완료되고 일정에 맞춰 출시된다면 그래픽 카드 시장의 긍정적 환경은 4분기까지 계속될 것으로 보인다. 그래픽 D램 측면에서 보자면 새 카드는 이전 세대에 비해 유닛(개) 당 더 많은 D램 용량을 탑재하고 있다.유닛 당 더 많은 그래픽 D램 용량이 내장된다는 것은 그래픽용 디램의 가격이 하락하지 않을 것이라는 분석이 가능하다. 따라서 4분기 GDDR5 가격은 전체 디램 가격의 하락세와 달리 상승세를 이어갈 것으로 예상되고 GDDR6의 하락폭은 축소될 가능성이 크다는 분석이다.그래픽 디램 공급을 주도하는 3대 공급업체 삼성전자와 SK하이닉스, 마이크론은 GDDR5에서 GDDR6로 ᅟᅥᆫ환을 가속화 하며 전체 그래픽 디램 비트(용량) 출하량이 60%에 달하며 GDDR5출하량을 넘어섰다.수요측면에서는 GDDR5를 탑재한 튜링(Turing) 아키텍처 기반 엔비디아 그래픽 카드가 지난 2분기 시장의 대부분을 차지했다. GDDR6전환이 이뤄지면서 상대적으로 GDDR5가 공급이 부족하게 되면서 가격이 오르는 상황이 발생한 것이다.현재 GDDR5 8Gb 칩의 현물시장 가격은 3분기 장기고객 계약가격에 비해 10% 이상 높은 관계로 엔비디아의 RTX3000 시리즈 그래픽 카드의 생산과 출하가 정상적으로 이뤄지는 과도기 동안 공급부족이 계속될 것으로 예상돼 GDDR5 계약가격은 다른 디램 제품보다 먼저 급등할 가능성이 큰 것으로 예상했다.현재 하락세를 보이고 있는 GDDR6도 엑스박스 시리즈X와 소니 PS5(플레이스테이션5) 출시에 맞춰 수요가 증가하고, 최신 그래픽 카드에 채택됨에 따라 제품 저환 기간이 끝나면 수요는 급증할 것으로 조인다.다만 GDDR6 제품의 공급은 D램 제조업체들이 그래픽 디램 생산라인을 GDDR6로 전환하고 있기 때문에 상당히 여유가 있는 편이다. 따라서 GDDR6 8Gb 칩의 평균 현물가와 계약가격은 비슷한 수준을 보이고 있다.현물가격과 계약가격에 큰 괴리가 발생하지 않고 있어 GDDR6 제품의 계약가격은 안정 될 것으로 예상되며 4분기에 또 다른 두 자릿수 전분기 대비 하락할 가능성은 낮다고 전망했다.한편 트랜드포스는 그래픽 디램의 거래조건이 상대적으로 양호하다고 했도 전체 디램 시장에서 차지하는 비중이 6%에 불과하기 때문에 전체 디래미장을 읽는 척도로 사용해서는 안 된다고 강조했다.▶ 조세일보 홈페이지 / 정회원 가입▶ 조세일보 네이버 뉴스스탠드 구독(종합/경제)백성원(peacetech@joseilbo.com)저작권자 ⓒ 조세일보(http://www.joseilbo.com). 무단전재 및 재배포 금지",오류 우회 위한 함수 추가 자료 트랜드 포스 디램 낸드 플래시 메모리 시장 침체 계속 가운데 그래픽 시장 흐름 양호 나타났 시자 조사 회사 트랜드 포스 코로나 대유행 따라 재택근무 확산 장기 원격 교육 일상생활 부분 자리 으면서 노트북 출하량 자릿수 증가 기록 분기 그래픽 카드 시장 영향 미친 조사 다고 발표 올해 그래픽 카드 업계 하이라이트 비디아 최근 발표 지포스 암페어 시리즈 분기 출시 네비 비디아 시리즈 업계 전달 검증 테스트 진행 이러 절차 완료 일정 맞춰 출시 된다면 그래픽 카드 시장 긍정 환경 분기 계속 보인다 그래픽 측면 자면 카드 이전 세대 비해 유닛 용량 탑재 유닛 그래픽 용량 내장 된다는 그래픽 디램 가격 하락 라는 분석 가능 분기 가격 전체 디램 가격 하락세 상승세 예상 하락 축소 가능 다는 분석 그래픽 디램 공급 주도 공급 업체 삼성전자 하이닉스 마이크 ᅟᅥᆫ환을 가속 전체 그래픽 디램 비트 용량 출하량 달하 출하량 넘어섰 수요 측면 탑재 튜링 아키텍처 기반 비디아 그래픽 카드 지난 분기 시장 대부분 차지 전환 이뤄 면서 상대 공급 부족 면서 가격 오르 상황 발생 현물 시장 가격 분기 장기 고객 계약 가격 비해 이상 관계 비디아 시리즈 그래픽 카드 생산 출하 정상 이뤄지는 과도기 동안 공급 부족 계속 예상 계약 가격 디램 제품 급등 가능 예상 하락세 보이 엑스 박스 시리즈 소니 플레이 스테이션 출시 맞춰 수요 증가 최신 그래픽 카드 채택 따라 제품 기간 끝나 수요 급증 조인다 제품 공급 제조 업체 그래픽 디램 생산 라인 전환 때문 여유 평균 물가 계약 가격 비슷 수준 보이 현물 가격 계약 가격 괴리 발생 제품 계약 가격 안정 예상 분기 자릿수 분기 대비 하락 가능 다고 전망 한편 트랜드 포스 그래픽 디램 거래 조건 상대 양호 다고 전체 디램 시장 차지 비중 때문 전체 디래 미장 척도 사용 해서 된다고 강조 조세일보 홈페이지 정회원 가입 조세일보 네이버 뉴스 스탠드 구독 종합 경제 성원 저작권자 조세일보 무단 전재 배포 금지,그래픽 메모리 시황 양호 문제 볼륨
7,6,2020.09.03,5성 서울호텔 1박 5만원까지…눈물의 '늦캉스' 시즌,"// flash 오류를 우회하기 위한 함수 추가
function _flash_removeCallback() {}

▽ 파격 할인으로 늦캉스족 모시기▽ '1박 5만원' 국민카드·롯데호텔 프로모션▽ 10만원대에 서울 시내 5성급 호텔 풀려3일 호텔업계에 따르면 8월 중순께부터 카드사 연계 호텔 특가 행사가 줄을 잇고 있다. 사지은 롯데호텔서울 주경. 사진=롯데호텔 제공# 지난달 18일 국민카드 VIP 고객들에게 5성급 호텔 '롯데호텔서울'의 디럭스룸이 9월 주중 기준 5만원에 풀렸다. 국민카드는 플래티늄 등급 이상 개인 신용카드 회원을 대상으로 롯데호텔서울과 롯데호텔울산 숙박을 각각 150실 한정으로 특가로 선보였다. 9월 숙박이 주중에는 5만원, 주말 7만원부터 시작했다. 놀랄 만한 특가 소식에 해당 프로모션은 당일 마감됐다.이는 9월 '늦캉스(늦은 바캉스)’ 수요를 잡기 위해 고군분투하는 서울 호텔가의 사정을 단적으로 보여주는 사례다. 신종 코로나바이러스 감염증(코로나19) 사태로 눈물의 '공실 행군'을 버티고 있는 호텔업계의 고군분투이기도 하다.3일 호텔업계에 따르면 8월 중순께부터 카드사 연계 호텔 특가 행사가 줄을 잇고 있다. 이 같은 특가 행사 배경에는 코로나19가 있다. 관광객과 비즈니스 고객의 발길이 끊기면서 올해 서울 시내 호텔의 주 고객은 국내 호캉스(호텔+바캉스)객이 됐다. 그러나 8월로 휴가철이 마무리된데다 10월에 추석이 시작되는 만큼 '추캉스(추석+바캉스)' 시기까지는 또 다시 호텔 객실이 비어가고 있는 상황이기 때문이다.호텔업계에서는 카드사로부터 일정 금액을 지원받을 수 있는데다 모객 효과가 높은 카드사 프로모션을 적극 이용하고 있는 것으로 전해졌다.더 플라자 호텔 전경. 사진=한국경제신문 DB이 같은 프로모션을 활용하면 9월 투숙객들은 서울 시내 한복판에 있는 5성급 호텔을 10만원대에 묵을 수 있다.더 플라자호텔 서울은 국민카드 플래티늄 등급 이상 개인 신용카드 회원에게 10월 말까지 투숙 조건으로 객실을 13만5000원부터 한정 판매한다. 같은 조건으로 5성급인 노보텔 앰배서더 서울 동대문과 노보텔 앰배서더 서울 용산의 경우 각각 15만원, 14만원대부터 숙박을 할 수 있다. 밀레니엄 힐튼 서울은 국민카드와 롯데카드 등을 통해 17만원대부터 시작하는 특가 상품을 내놓은 것으로 전해졌다.5성급 호텔에서 조금만 눈을 돌려 '손품'을 팔면 더 다양한 선택지가 있다. 신세계그룹 부티크호텔인 레스케이프 호텔은 현대카드 플래티넘 이상 카드를 소지한 투숙객들에게 13만원대부터 패키지를 팔고 있다. 투숙일은 9월 29일까지다. 신용카드사의 VIP 고객이 아니라면 호텔가의 자체 플랫폼을 이용하는 것도 방편이다.호텔신라는 자체 앱(운영프로그램) '더신라'에서 오는 7일까지 예약하는 고객에게 비즈니스호텔 신라스테이의 서울 지역 숙박을 5만8500원(부가가치세 별도 기준)부터 선보이고 있다. 롯데호텔은 '롯데호텔리워즈'에서 ‘6성급’ 럭셔리 호텔 브랜드 시그니엘의 서울점 프로모션을 운영하고 있다. 38만원대부터 9월 숙박이 가능하다.한 호텔업계 관계자는 ""이맘때 서울 지역 호텔들은 비즈니스 고객 수요가 높은 상황이었는데 하늘길이 막히면서 9월 추석까지는 '보릿고개'가 우려된다""며 ""사람 간 접촉을 최소화할 수 있는 패키지 등을 기획하며 늦캉스 프로모션에 나서고 있다""고 말했다. 오정민 한경닷컴 기자 blooming@hankyung.com기사제보 및 보도자료 open@hankyung.com▶ #믿고 보는 #기자 '한경 기자 코너'▶ 네이버에서 한국경제 뉴스를 받아보세요▶ 모바일한경 구독신청 ⓒ 한국경제 & hankyung.com, 무단전재 및 재배포 금지",오류 우회 위한 함수 추가 파격 할인 모시 국민카드 롯데호텔 프로모션 서울 시내 성급 호텔 풀려 호텔 업계 따르 중순 카드 연계 호텔 특가 행사 사지 롯데호텔 서울 주경 사진 롯데호텔 제공 지난달 국민카드 고객 성급 호텔 롯데호텔 서울 디럭스 주중 기준 풀렸 국민카드 등급 이상 개인 신용 카드 회원 대상 롯데호텔 서울 롯데호텔 울산 숙박 한정 특가 선보였 숙박 주말 시작 만한 특가 소식 해당 프로모션 당일 마감 바캉스 수요 위해 고군분투 서울 호텔 사정 보여 사례 신종 코로나 바이러스 감염증 코로나 사태 눈물 공실 행군 버티 호텔 업계 고군분투 호텔 업계 따르 중순 카드 연계 호텔 특가 행사 특가 행사 배경 코로나 관광객 비즈니스 고객 발길 끊기 면서 올해 서울 시내 호텔 고객 국내 호텔 바캉스 휴가철 마무리 추석 시작 만큼 추석 바캉스 시기 호텔 객실 상황 때문 호텔 업계 카드 일정 금액 지원 효과 카드 프로모션 적극 이용 전해졌 플라자 호텔 전경 사진 한국 경제 신문 프로모션 활용 투숙객 서울 시내 복판 성급 호텔 플라자호텔 서울 국민카드 등급 이상 개인 신용 카드 회원 투숙 조건 객실 한정 판매 한다 조건 성급 노보 앰배서더 서울 동대문 노보 앰배서더 서울 용산 경우 원대 숙박 밀레니엄 힐튼 서울 국민카드 롯데카드 통해 원대 시작 특가 상품 내놓 전해졌 성급 호텔 돌려 손품 다양 선택지 신세계그룹 부티크 호텔 레스 케이프 호텔 현대 카드 플래티넘 이상 카드 소지 투숙객 원대 패키지 투숙 신용카드 고객 아니 라면 호텔 자체 플랫 이용 방편 호텔신라 자체 운영 프로그램 신라 예약 고객 비즈니스호텔 신라 스테이 서울 지역 숙박 부가가치세 별도 기준 선보이 롯데호텔 롯데호텔 워즈 성급 럭셔리 호텔 브랜드 시그 니엘 서울 프로모션 운영 원대 숙박 가능 호텔 업계 관계자 이맘때 서울 지역 호텔 비즈니스 고객 수요 상황 는데 하늘길 막히 면서 추석 보릿고개 우려 된다 사람 접촉 최소 패키지 기획 프로모션 나서 오정민 한경 닷컴 기자 기사 제보 보도 자료 기자 한경 기자 코너 네이버 한국 경제 뉴스 세요 모바일 한경 구독 신청 한국 경제 무단 전재 배포 금지,서울 호텔 눈물 시즌
8,10,2020.09.07,거리두기 3단계 격상돼도 시중은행 영업점 폐쇄는 없다,"// flash 오류를 우회하기 위한 함수 추가
function _flash_removeCallback() {}

한 시증은행 행원이 코로나19 방역과 관련한 고객안내문을 부착하고 있다.잠잠해지던 코로나19가 국내에서 재확산되기 시작하면서 금융사들도 대응에 나서고 있다. 사회적 거리두기 3단계 격상 가능성이 거론되는 만큼, 은행들은 방역수칙을 준수하면서 영업점 운영을 지속하고 있다. 카드업계도 비대면 영업에 중점을 두되 대면영업을 중단하지 않는다는 계획이다. 다만 보험사들은 보험설계사들의 대면영업을 잠정적으로 중단하겠다고 밝혔다.인력분산·재택근무 강화금융권에 따르면 국내 시중은행들을 비롯한 금융사들은 현재 사회적 거리두기 2단계에 맞춰 본사, 영업점을 운영하고 있다. 신한은행의 경우 현재 본부부서 이원화 및 재택 근무를 부서별 15%로 유지하고 있다. 하나은행은 지난 19일부터 2주간 재택근무 및 대체사업장 분산근무 비중을 40% 이상으로 상향 조정했다. 우리은행도 본사를 포함한 8곳에 인력을 분산 배치해 운영하고 있다.사회적 거리 두기 3단계가 실행되면 은행들은 본점 직원들의 분산 비율을 더 높이고, 재택근무 실시 등 강화된 방역지침에 맞춰 추가적인 대응에 나선다는 계획이다. 다만 영업점의 경우 사회적 거리두기가 3단계로 올라간다 하더라도 고객들의 원활한 금융서비스 제공을 위해 분산근무나 지점 폐쇄에 들어가지는 않을 전망이다.시중은행 관계자는 “은행들은 금융당국이 배포한 사회적 거리두기 2단계 가이드라인에 맞춰 본사나 콜센터의 경우 인력분산 및 재택근무를 진행하고 있고, 개별 영업점들은 소독제 비치, 마스크 의무착용, 창구마다 가림막을 설치하는 등의 조치를 실시하고 있다”며 “영업점은 사회적 거리두기 3단계가 발령된다 하더라도 필수적인 금융거래를 위해 고객들이 내방해야 하다보니 영업점 폐쇄를 고려하긴 쉽지 않다”고 설명했다.이어 “3단계가 발령되더라도 방역을 철저히 진행하면서 2단계와 동일한 수준으로 유지하되, 향후 금융당국의 가이드라인이 발표된다면 세부안에 맞춰 영업점을 운영할 것”이라고 덧붙였다.보험설계사  대면영업 중단지난 1일 금융위원회와 생명·손해보험협회, 보험대리점협회는 사회적 거리두기 2.5단계가 시행되는 기간 잠정적으로 보험설계사들의 대면영업을 중단하기로 결정했다. 당초 해당 기간 설계사의 영업을 전면 중지하는 방안이 논의됐지만, 보험업계가 자발적으로 나서 잠정적으로 중단하기로 합의했다.다만 보험업계는 대면영업이 중단되는 만큼 비대면 영업에 힘쓰겠다는 입장이다. 사회적 거리두기 3단계가 발령될 경우, 보험설계사들이 전화상으로 상품 약관 등을 설명하고 자필 서명 동의를 받을 수 있도록 모바일 전자서명 서비스를 시행할 계획이다.손보협회 관계자는 “보험업은 여타 금융사들이 판매하고 있는 금융상품들보다 상품구조나 약관들이 복잡하다 보니 대면영업이 준 필수에 가깝게 요구된다”며 “코로나19라는 특수한 상황 속 3단계가 발령될 경우 대면영업으로 인한 전염을 막기 위해 비대면으로 영업활동을 진행할 예정”이라고 설명했다.다만 보험업계와 비슷하게 대면영업이 주가되는 카드사들은 대면영업을 중단하기 힘들다는 입장이다. 특히 실물카드를 고객 본인을 만나 전달해야 하는 카드사의 영업방식 특성 상 사회적 거리두기 3단계가 발령될 경우 방역수칙을 최대한 준수하면서 대면영업을 지속한다는 계획이다.카드사 관계자는 “3단계가 발령될 시 카드 재발급을 제외한 금융서비스들을 인터넷이나 모바일 애플리케이션을 이용하도록 안내할 방침”이라며 “카드영업 특성상 고객을 만나지 않는 비대면 영업이 불가능한 측면도 있다 보니 금융당국과 좀 더 논의를 진행해야 할 것같다”고 설명했다.김동운 쿠키뉴스 기자 chobits3095@kukinews.com▶ 네이버에서 국민일보를 구독하세요(클릭)▶ 국민일보 홈페이지 바로가기GoodNews paper ⓒ 국민일보(www.kmib.co.kr), 무단전재 및 재배포금지",오류 우회 위한 함수 추가 은행 행원 코로나 방역 관련 고객 안내문 부착 잠잠 코로나 국내 확산 시작 면서 금융 대응 나서 사회 거리 두기 단계 격상 가능 거론 만큼 은행 방역 수칙 면서 영업 운영 지속 카드 업계 비대 영업 중점 영업 중단 는다는 계획 보험 보험 설계사 대면 영업 잠정 중단 다고 밝혔 인력 분산 재택근무 강화 금융 따르 국내 시중 은행 비롯 금융 사회 거리 두기 단계 맞춰 본사 영업 운영 신한은행 경우 본부 부서 이원화 재택 근무 부서 유지 하나 은행 지난 주간 재택근무 사업장 분산 근무 비중 이상 상향 조정 우리 은행 본사 포함 인력 분산 배치 운영 사회 거리 두기 단계 실행 은행 본점 직원 분산 비율 높이 재택근무 실시 강화 방역 지침 맞춰 추가 대응 나선다는 계획 영업 경우 사회 거리 두기 단계 올라간다 더라도 고객 원활 금융 서비스 제공 위해 분산 근무 지점 폐쇄 가지 전망 시중 은행 관계자 은행 금융 당국 배포 사회 거리 두기 단계 가이드라인 맞춰 본사 센터 경우 인력 분산 재택근무 진행 개별 영업 소독 비치 마스크 의무 착용 창구 가림막 설치 조치 실시 영업 사회 거리 두기 단계 발령 된다 더라도 필수 금융 거래 위해 고객 내방 해야 영업 폐쇄 고려 설명 단계 발령 더라도 방역 진행 면서 단계 동일 수준 유지 향후 금융 당국 가이드라인 발표 된다면 세부 맞춰 영업 운영 라고 덧붙였 보험 설계사 대면 영업 중단 지난 금융 위원회 생명 손해 보험 협회 보험 대리점 협회 사회 거리 두기 단계 시행 기간 잠정 보험 설계사 대면 영업 중단 결정 당초 해당 기간 설계사 영업 전면 중지 방안 논의 지만 보험업 자발 잠정 중단 합의 보험업 영업 중단 만큼 비대 영업 힘쓰 다는 입장 사회 거리 두기 단계 발령 경우 보험 설계사 전화 상품 약관 설명 자필 서명 동의 도록 모바일 전자서명 서비스 시행 계획 협회 관계자 보험업 여타 금융 판매 금융 상품 상품 구조 약관 복잡 영업 필수 가깝 요구 된다 코로나 라는 특수 상황 단계 발령 경우 대면 영업 인한 전염 위해 비대 영업 활동 진행할 예정 라고 설명 보험업 비슷 영업 주가 카드 대면 영업 중단 힘들 다는 입장 실물 카드 고객 본인 만나 전달 해야 카드 영업 방식 특성 사회 거리 두기 단계 발령 경우 방역 수칙 최대한 준수 면서 영업 지속 한다는 계획 카드 관계자 단계 발령 카드 발급 제외 금융 서비스 인터넷 모바일 애플리케이션 이용 도록 안내 방침 라며 카드 영업 특성 고객 만나 비대 영업 가능 측면 금융 당국 논의 진행 해야 설명 김동운 쿠키 뉴스 기자 네이버 국민 일보 구독 세요 클릭 국민 일보 홈페이지 국민 일보 무단 전재 배포 금지,거리 두기 단계 격상 돼도 시중 은행 영업 폐쇄
9,3,2020.09.10,"닉 몰너 호주 애프터페이 창업자 겸 글로벌 CRO ""빚 두려워하는 M세대를 공략하자""","// flash 오류를 우회하기 위한 함수 추가
function _flash_removeCallback() {}

20대 마케팅의 귀재는 꿰뚫어봤다글로벌 종횡무진 '핀테크 거물' 로""지금 사고 나중에 지불해라"" 모토올해 30세 자수성가한 억만장자美·英 상반기 고객 두배로 늘어일러스트=허라미 기자  ramy@hankyung.com‘지금 사고, 나중에 지급하라(buy now, pay later).’호주 핀테크기업 애프터페이의 사업모델이다. 애프터페이는 금융결제 서비스 시장에 진출한 지 6년 만에 호주에서 가장 가치 있는 기술기업이 됐고, 호주를 넘어 세계 진출을 노리고 있다.애프터페이의 성공에는 올해 30세인 젊은 창업자 닉 몰너의 역할이 컸다. 그는 할부로 물건을 사고는 싶지만 금융위기 때의 경험으로 신용카드 사용은 꺼리는 밀레니얼 세대의 심리를 파고들었다. 신종 코로나바이러스 감염증(코로나19)으로 세계 ‘페이’ 수요가 늘어나면서 애프터페이 주가는 지난 3월 8.9호주달러(최저점)에서 이달 8일 75.04호주달러로 8배 이상 뛰었다. 몰너는 호주에서 가장 젊은 ‘자수성가 억만장자’가 됐다. 이베이 1위 보석판매자 된 20대몰너는 호주 시드니대에서 상업을 전공하고 벤처캐피털 MH카네기에 입사해 기술기업 투자를 담당했다. 그는 대학생 시절부터 일찌감치 사업에 입문했다. 가족사업인 보석판매업을 돕기 위해 이베이를 활용했다. 젊은 나이에도 마케팅과 판매에 소질을 보이며 이베이에서 호주 보석판매자 1위에 오르기도 했다.몰너는 미국 온라인 보석판매업체인 아이스닷컴을 현지화한 판매사이트를 개설해 연간 200만달러의 수익을 올리기도 했다. 이렇게 쌓아 올린 전자상거래 사업 경험은 애프터페이 창업의 밑거름이 됐다.2014년 몰너는 호주 투자회사인 기네스피트그룹의 최고투자책임자(CIO)를 지낸 앤서니 아이젠과 함께 애프터페이를 창업했다. 소비자대출 전문 스타트업으로 출발한 애프터페이는 설립 6년이 지난 지금 호주를 대표하는 결제회사이자 가장 잘나가는 핀테크기업이 됐다. 애프터페이의 시가총액은 214억호주달러(약 18조5000억원)에 이른다. 밀레니얼 마음 사로잡은 사업모델애프터페이의 사업모델인 ‘지금 사고, 나중에 지급하라’는 신용카드회사들이 제공해온 할부 결제 서비스와 별 차이가 없어 보인다. 하지만 밀레니얼 세대의 마음을 사로잡을 만한 비결이 숨어 있다.애프터페이는 신용카드를 대체하는 금융 서비스를 제공하는 기업이다. 물건 가격의 일부만 지급하고 바로 물건을 구매한 뒤 나머지는 무이자로 나눠서 낸다. 여기에 연체료 누적 상한 제한이 있다. 연체료가 아무리 쌓여도 물건 금액에서 정해진 비율을 넘지는 않는다. 대신 연체 가능성이 높은 악성 고객을 걸러내기 위해 데이터를 활용하고, 결제 요청 가운데 상당수를 거절하기도 한다.애프터페이는 글로벌 금융위기를 경험하며 신용카드 등 금융 서비스 사용을 두려워하게 된 밀레니얼 세대에 적합한 서비스였다. 몰너 역시 18세에 글로벌 금융위기를 경험한 밀레니얼 세대다. 대형 은행이 긴급구제금융으로 연명하고 기업들이 파산하는 것을 목격한 이들 세대는 부채 관리 실패를 두려워하는 경향이 있다. 몰너는 ‘밀레니얼 세대는 신용카드를 기피한다, 왜냐하면 빚이 늘어나는 것을 싫어하기 때문이다’라는 지론을 가지고 있다. 2018년 기준 호주에서 애프터페이 이용자의 평균 나이는 33세였다.신종 코로나바이러스 감염증(코로나19)을 계기로 세계 온라인 결제 수요가 급증하면서 애프터페이도 대표 수혜 기업으로 떠올랐다. 지난 5월에는 중국 텐센트홀딩스가 애프터페이에 투자해 지분 5%를 보유하게 됐다. 코로나19로 비용 절감에 관심이 높아진 사람들이 연체 시 두 자릿수 수수료율을 부과하는 신용카드 대신 애프터페이의 무이자 할부금융으로 이동하는 사례도 늘어났다. 5월 유럽 증권사 UBS가 호주에서 한 설문조사에 따르면 20%가량이 신용카드를 이전보다 덜 쓴다고 답했다. 이 중 13%는 ‘지금 사고, 나중에 지급하라’ 서비스를 신용카드 대신 이용하고 있다고 했다. 미국에서도 지난 2분기 신용카드 사용이 감소했다.몰너는 애프터페이를 채택하는 기업이 앞으로 급증할 것이라고 예상했다. 그는 파이낸셜타임스와의 인터뷰에서 “애프터페이는 글로벌 브랜드에 구글, 인스타그램을 능가하는 트래픽을 일으킨다”고 주장했다. 강자 페이팔·비자의 위협애프터페이는 호주를 넘어 세계로 진출했다. 올 상반기 미국과 영국에서 애프터페이 이용자는 두 배로 늘어났다. 세계 시장을 선점하기 위해 애프터페이는 7월 기관투자가들로부터 4억5260만달러의 투자를 유치하기도 했다. 캐나다, 싱가포르, 남유럽 국가로도 진출하겠다고 선언했다. 그러나 시장 일각에서는 애프터페이가 본국인 호주에서 거둔 성공을 해외에서도 재현할 수 있을지 아직 의구심을 품고 있다.애프터페이의 성공을 눈여겨본 대형 기업들이 ‘지금 사고, 나중에 지급하라’ 사업에 하나둘 뛰어들고 있는 점도 부담 요인이다. 미국 결제회사 페이팔이 최근 이 시장 참여를 선언하자마자 호주 증시에서 애프터페이 주가는 급락했다. 지난해에는 신용카드업계 최강자 중 하나인 비자가 관련 시장 진출을 선언했다.세계 시장 규모가 1조9000억달러 수준인 페이 시장이 대세이긴 하지만 그만큼 경쟁사도 넘쳐나는 상황이다. 코로나19 이후 경쟁 강도가 더 심해졌다. 주요 수익원인 수수료 인하 경쟁에 내몰리며 수익성을 갉아먹을 가능성이 높아질 것이라는 우려가 일고 있다. 호주 증시에 상장한 지 4년이 지나도록 여전히 적자기업인 애프터페이의 재무구조에는 좋지 않은 신호다. 금융감독당국의 규제 가능성도 큰 변수다.지난해 몰너는 애프터페이 최고경영자(CEO)에서 물러나 글로벌 최고수익책임자(CRO)를 맡으며 글로벌 사업을 총괄하게 됐다. 애프터페이 앞에 떨어진 주요 과제가 그의 몫이 된 것이다.이고운 기자 ccat@hankyung.com▶ #믿고 보는 #기자 '한경 기자 코너'▶ 네이버에서 한국경제 뉴스를 받아보세요▶ 모바일한경 구독신청 ⓒ 한국경제 & hankyung.com, 무단전재 및 재배포 금지",오류 우회 위한 함수 추가 마케팅 귀재 꿰뚫 글로벌 종횡무진 핀테크 거물 사고 나중 지불 해라 모토 올해 자수성가 억만장자 상반기 고객 일러스트 라미 기자 사고 나중 지급 호주 핀테크 기업 애프터 페이 사업 모델 애프터 페이 금융 결제 서비스 시장 진출 호주 가치 기술 기업 호주 세계 진출 노리 애프터 페이 성공 올해 창업자 역할 물건 사고 지만 금융 위기 경험 신용 카드 사용 꺼리 밀레 니얼 세대 심리 파고들 신종 코로나 바이러스 감염증 코로나 세계 페이 수요 늘어나 면서 애프터 페이 주가 지난 호주 달러 최저 이달 호주 달러 이상 호주 자수성가 억만장자 이베이 보석 판매자 호주 시드니 상업 전공 벤처 캐피털 카네기 입사 기술 기업 투자 담당 대학생 시절 사업 입문 가족 사업 보석 판매업 위해 이베이 활용 나이 마케팅 판매 소질 보이 이베이 호주 보석 판매자 오르 미국 온라인 보석 판매 업체 아이스 닷컴 현지 판매 사이트 개설 연간 달러 수익 올리 올린 전자 상거래 사업 경험 애프터 페이 창업 밑거름 호주 투자 회사 기네스 피트 그룹 최고 투자 책임자 지낸 앤서니 아이젠 애프터 페이 창업 소비자 대출 전문 스타트업 출발 애프터 페이 설립 지난 지금 호주 대표 결제 회사 나가 핀테크 기업 애프터 페이 시가총액 호주 달러 이른다 밀레 니얼 마음 사로잡 사업 모델 애프터 페이 사업 모델 사고 나중 지급 신용카드 회사 제공 할부 결제 서비스 차이 보인다 밀레 니얼 세대 마음 사로잡 비결 애프터 페이 신용 카드 대체 금융 서비스 제공 기업 물건 가격 일부 지급 물건 구매 나머지 무이자 나눠서 낸다 여기 연체료 누적 상한 제한 연체료 쌓여도 물건 금액 정해진 비율 는다 대신 연체 가능 고객 걸러 위해 데이터 활용 결제 요청 가운데 상당수 거절 한다 애프터 페이 글로벌 금융 위기 경험 신용 카드 금융 서비스 사용 두려워하 밀레 니얼 세대 적합 서비스 글로벌 금융 위기 경험 밀레 니얼 세대 대형 은행 긴급 구제 금융 연명 기업 파산 목격 세대 부채 관리 실패 두려워하 경향 밀레 니얼 세대 신용 카드 기피 한다 늘어나 싫어하 때문 라는 지론 가지 기준 호주 애프터 페이 이용자 평균 나이 신종 코로나 바이러스 감염증 코로나 계기 세계 온라인 결제 수요 급증 면서 애프터 페이도 대표 수혜 기업 떠올랐 지난 중국 텐센트 홀딩스 애프터 페이 투자 지분 보유 코로나 비용 절감 관심 사람 연체 자릿수 수수료 부과 신용카드 대신 애프터 페이 무이자 할부 금융 이동 사례 늘어났 유럽 증권사 호주 설문 조사 따르 가량 신용 카드 이전 쓴다고 사고 나중 지급 서비스 신용 카드 대신 이용 다고 미국 지난 분기 신용 카드 사용 감소 애프터 페이 채택 기업 급증 라고 예상 파이낸셜 타임스 인터뷰 애프터 페이 글로벌 브랜드 구글 스타 그램 능가 트래픽 일으킨다 주장 강자 페이팔 비자 위협 애프터 페이 호주 세계 진출 상반기 미국 영국 애프터 페이 이용자 늘어났 세계 시장 선점 위해 애프터 페이 기관 투자가 달러 투자 유치 캐나다 싱가포르 남유럽 국가 진출 다고 선언 시장 일각 애프터 페이 본국 호주 거둔 성공 해외 재현 을지 의구심 애프터 페이 성공 눈여겨본 대형 기업 사고 나중 지급 사업 하나 뛰어들 부담 요인 미국 결제 회사 페이팔 최근 시장 참여 선언 자마자 호주 증시 애프터 페이 주가 급락 지난해 신용카드 업계 강자 하나 비자 관련 시장 진출 선언 세계 시장 규모 달러 수준 페이 시장 대세 지만 경쟁사 넘쳐나 상황 코로나 이후 경쟁 강도 심해졌 주요 수익 원인 수수료 인하 경쟁 내몰리 수익 갉아먹 가능 라는 우려 호주 증시 상장 지나 도록 적자 기업 애프터 페이 재무 구조 신호 금융 감독 당국 규제 가능 변수 지난해 애프터 페이 최고경영자 물러나 글로벌 최고 수익 책임자 으며 글로벌 사업 총괄 애프터 페이 떨어진 주요 과제 이고운 기자 기자 한경 기자 코너 네이버 한국 경제 뉴스 세요 모바일 한경 구독 신청 한국 경제 무단 전재 배포 금지,호주 애프터 페이 창업자 글로벌 두려워하 세대 공략
10,9,2020.09.08,"올 임기 끝나는 금융권 CEO, ‘한 번 더’에 힘 실린다","// flash 오류를 우회하기 위한 함수 추가
function _flash_removeCallback() {}

금융지주·은행·카드 등 10여명 코로나로 예년과는 다른 분위기이동걸 KDB산업은행 회장의 임기 만료일은 10일이다. 요즘 산업은행 안팎에서는 이른바 ‘3무(無)’ 얘기가 흘러나온다. 이 회장 후임에 대한 하마평이 없고, 당사자인 이 회장 본인의 입장도 없고, 임직원들은 아는 정보가 없다. 과거 수장이 바뀔 때와 사뭇 다른 분위기다. 한 금융권 관계자는 “신종 코로나바이러스감염증(코로나19) 사태가 불러온 불확실성의 여파”라며 “현 시국을 감안할 때 인사권을 행사하는 입장에서도 고민이 많지 않겠느냐”고 말했다.7일 금융권에 따르면 올 하반기 이 회장을 비롯해 주요 금융지주 및 은행·카드사, 금융 공기업과 금융 관련 협회 수장 등 10여명의 임기가 만료된다. ‘인사 태풍’ 급이다. 업계 안팎에서는 예년과 비교할 때 조금 다른 분위기가 감지된다. 연초부터 진행 중인 코로나19 사태 속에서 ‘연임론’이 힘을 받는 모양새다. ‘전쟁 중에는 장수를 바꾸지 않는다’는 기조와 다르지 않다.산은 이 회장을 두고서도 줄곧 연임 얘기가 흘러나온다. 아시아나항공 매각, 두산그룹 구조조정 등 굵직한 현안이 진행 중인 데다 코로나19 사태에 따른 산은의 업무 연속성 등이 연임 쪽으로 힘을 실어주는 분위기다. 산은 회장은 금융위원장이 제청해 대통령이 임명하는데, 금융위에서는 별다른 동향이 감지되지 않고 있다. 만약 이 회장이 연임에 성공하면 이형구 전 총재 이후 26년 만에 연임 회장이 탄생하게 된다.KB금융지주도 후임 인선 절차가 진행 중이다. 11월 윤종규 회장의 임기가 끝나는데, 지난달 말 윤 회장을 포함해 4명의 후보자군이 결정됐다. 오는 16일 최종 후보가 선정된다. 업계의 관심은 윤 회장의 3연임 여부다. 국민은행 안팎에서는 윤 회장의 경영실적 개선과 안정적 조직 운영을 높게 평가하면서 3연임 가능성도 거론되고 있다. 이밖에 허인 KB국민은행장과 진옥동 신한은행장이 각각 11월, 12월에 임기를 마친다.카드 업계의 경우 주요 8개 카드사 가운데 4곳의 CEO가 오는 12월 임기를 마친다. 임영진(신한카드)·이동철(KB국민카드)·정원재(우리카드)·이동면(비씨카드) 사장 등이다. 지난 3월 취임해 임기가 12월까지여서 연임이 유력한 이동면 비씨카드 사장을 빼고 나머지 CEO들의 연임 여부도 관심거리다. 실적이 최우선 고려 사안으로 꼽히는 동시에 ‘포스트 코로나’를 어떻게 그려나갈 것인지에 대한 비전에도 관심이 모아진다. 비대면(언택트) 금융으로 빠르게 변해가면서 시대와 고객의 눈높이를 어떻게 맞춰갈 것인지에 대한 ‘혁신’의 정도가 차기 금융 CEO들의 자질로 꼽히고 있다. 코로나가 바꾼 CEO의 요건인 셈이다.이밖에 금융협회장들도 교체가 예상된다. 김태영 은행연합회장과 김용덕 손해보험협회장, 정지원 한국거래소 이사장이 오는 11월 임기가 끝난다. 신용길 생명보험협회장은 연말에 임기가 종료된다.박재찬 기자 jeep@kmib.co.kr▶ 네이버에서 국민일보를 구독하세요(클릭)▶ 국민일보 홈페이지 바로가기GoodNews paper ⓒ 국민일보(www.kmib.co.kr), 무단전재 및 재배포금지",오류 우회 위한 함수 추가 금융 지주 은행 카드 코로나 예년 분위기 이동걸 산업은행 회장 임기 만료일 산업은행 안팎 얘기 흘러나온다 회장 후임 대한 하마평 당사자 회장 본인 입장 임직원 정보 과거 수장 바뀔 분위기 금융 관계자 신종 코로나 바이러스 감염증 코로나 사태 불러온 확실 여파 라며 시국 감안 인사 행사 입장 고민 느냐 금융 따르 하반기 회장 비롯 주요 금융 지주 은행 카드 금융 공기업 금융 관련 협회 수장 임기 만료 된다 인사 태풍 업계 안팎 예년 비교 분위기 감지 된다 연초 진행 코로나 사태 연임 모양새 전쟁 장수 바꾸 는다 기조 다르 회장 고서 연임 얘기 흘러나온다 아시아나항공 매각 두산 그룹 구조 조정 굵직 현안 진행 코로나 사태 따른 산은 업무 연속 연임 분위기 회장 금융 위원장 청해 대통령 임명 는데 금융 별다른 동향 감지 회장 연임 성공 이형구 총재 이후 연임 회장 탄생 된다 금융 지주 후임 인선 절차 진행 윤종규 회장 임기 끝나 는데 지난달 회장 포함 후보 결정 최종 후보 선정 된다 업계 관심 회장 연임 여부 국민은행 안팎 회장 경영 실적 개선 안정 조직 운영 평가 면서 연임 가능 거론 허인 국민 은행장 진옥동 신한 은행장 임기 마친다 카드 업계 경우 주요 카드 가운데 임기 마친다 임영진 신한 카드 이동철 국민카드 정원재 우리 카드 이동면 비씨카드 사장 지난 취임 임기 여서 연임 유력 이동면 비씨카드 사장 나머지 연임 여부 관심거리 실적 최우선 고려 사안 꼽히 동시 포스트 코로나 그려 나갈 인지 대한 비전 관심 모아진다 비대 택트 금융 빠르 변해 면서 시대 고객 눈높이 맞춰 인지 대한 혁신 정도 차기 금융 자질 꼽히 나가 바꾼 요건 금융 협회 교체 예상 된다 김태영 은행 연합 회장 김용덕 손해 보험 협회 정지원 한국거래소 이사장 임기 끝난다 신용길 생명 보험 협회 연말 임기 종료 된다 박재찬 기자 네이버 국민 일보 구독 세요 클릭 국민 일보 홈페이지 국민 일보 무단 전재 배포 금지,임기 금융 실린다
11,8,2020.09.03,5성 서울호텔 1박 5만원까지…눈물의 '늦캉스' 시즌,"// flash 오류를 우회하기 위한 함수 추가
function _flash_removeCallback() {}

▽ 파격 할인으로 늦캉스족 모시기▽ '1박 5만원' 국민카드·롯데호텔 프로모션▽ 10만원대에 서울 시내 5성급 호텔 풀려3일 호텔업계에 따르면 8월 중순께부터 카드사 연계 호텔 특가 행사가 줄을 잇고 있다. 사지은 롯데호텔서울 주경. 사진=롯데호텔 제공# 지난달 18일 국민카드 VIP 고객들에게 5성급 호텔 '롯데호텔서울'의 디럭스룸이 9월 주중 기준 5만원에 풀렸다. 국민카드는 플래티늄 등급 이상 개인 신용카드 회원을 대상으로 롯데호텔서울과 롯데호텔울산 숙박을 각각 150실 한정으로 특가로 선보였다. 9월 숙박이 주중에는 5만원, 주말 7만원부터 시작했다. 놀랄 만한 특가 소식에 해당 프로모션은 당일 마감됐다.이는 9월 '늦캉스(늦은 바캉스)’ 수요를 잡기 위해 고군분투하는 서울 호텔가의 사정을 단적으로 보여주는 사례다. 신종 코로나바이러스 감염증(코로나19) 사태로 눈물의 '공실 행군'을 버티고 있는 호텔업계의 고군분투이기도 하다.3일 호텔업계에 따르면 8월 중순께부터 카드사 연계 호텔 특가 행사가 줄을 잇고 있다. 이 같은 특가 행사 배경에는 코로나19가 있다. 관광객과 비즈니스 고객의 발길이 끊기면서 올해 서울 시내 호텔의 주 고객은 국내 호캉스(호텔+바캉스)객이 됐다. 그러나 8월로 휴가철이 마무리된데다 10월에 추석이 시작되는 만큼 '추캉스(추석+바캉스)' 시기까지는 또 다시 호텔 객실이 비어가고 있는 상황이기 때문이다.호텔업계에서는 카드사로부터 일정 금액을 지원받을 수 있는데다 모객 효과가 높은 카드사 프로모션을 적극 이용하고 있는 것으로 전해졌다.더 플라자 호텔 전경. 사진=한국경제신문 DB이 같은 프로모션을 활용하면 9월 투숙객들은 서울 시내 한복판에 있는 5성급 호텔을 10만원대에 묵을 수 있다.더 플라자호텔 서울은 국민카드 플래티늄 등급 이상 개인 신용카드 회원에게 10월 말까지 투숙 조건으로 객실을 13만5000원부터 한정 판매한다. 같은 조건으로 5성급인 노보텔 앰배서더 서울 동대문과 노보텔 앰배서더 서울 용산의 경우 각각 15만원, 14만원대부터 숙박을 할 수 있다. 밀레니엄 힐튼 서울은 국민카드와 롯데카드 등을 통해 17만원대부터 시작하는 특가 상품을 내놓은 것으로 전해졌다.5성급 호텔에서 조금만 눈을 돌려 '손품'을 팔면 더 다양한 선택지가 있다. 신세계그룹 부티크호텔인 레스케이프 호텔은 현대카드 플래티넘 이상 카드를 소지한 투숙객들에게 13만원대부터 패키지를 팔고 있다. 투숙일은 9월 29일까지다. 신용카드사의 VIP 고객이 아니라면 호텔가의 자체 플랫폼을 이용하는 것도 방편이다.호텔신라는 자체 앱(운영프로그램) '더신라'에서 오는 7일까지 예약하는 고객에게 비즈니스호텔 신라스테이의 서울 지역 숙박을 5만8500원(부가가치세 별도 기준)부터 선보이고 있다. 롯데호텔은 '롯데호텔리워즈'에서 ‘6성급’ 럭셔리 호텔 브랜드 시그니엘의 서울점 프로모션을 운영하고 있다. 38만원대부터 9월 숙박이 가능하다.한 호텔업계 관계자는 ""이맘때 서울 지역 호텔들은 비즈니스 고객 수요가 높은 상황이었는데 하늘길이 막히면서 9월 추석까지는 '보릿고개'가 우려된다""며 ""사람 간 접촉을 최소화할 수 있는 패키지 등을 기획하며 늦캉스 프로모션에 나서고 있다""고 말했다. 오정민 한경닷컴 기자 blooming@hankyung.com기사제보 및 보도자료 open@hankyung.com▶ #믿고 보는 #기자 '한경 기자 코너'▶ 네이버에서 한국경제 뉴스를 받아보세요▶ 모바일한경 구독신청 ⓒ 한국경제 & hankyung.com, 무단전재 및 재배포 금지",오류 우회 위한 함수 추가 파격 할인 모시 국민카드 롯데호텔 프로모션 서울 시내 성급 호텔 풀려 호텔 업계 따르 중순 카드 연계 호텔 특가 행사 사지 롯데호텔 서울 주경 사진 롯데호텔 제공 지난달 국민카드 고객 성급 호텔 롯데호텔 서울 디럭스 주중 기준 풀렸 국민카드 등급 이상 개인 신용 카드 회원 대상 롯데호텔 서울 롯데호텔 울산 숙박 한정 특가 선보였 숙박 주말 시작 만한 특가 소식 해당 프로모션 당일 마감 바캉스 수요 위해 고군분투 서울 호텔 사정 보여 사례 신종 코로나 바이러스 감염증 코로나 사태 눈물 공실 행군 버티 호텔 업계 고군분투 호텔 업계 따르 중순 카드 연계 호텔 특가 행사 특가 행사 배경 코로나 관광객 비즈니스 고객 발길 끊기 면서 올해 서울 시내 호텔 고객 국내 호텔 바캉스 휴가철 마무리 추석 시작 만큼 추석 바캉스 시기 호텔 객실 상황 때문 호텔 업계 카드 일정 금액 지원 효과 카드 프로모션 적극 이용 전해졌 플라자 호텔 전경 사진 한국 경제 신문 프로모션 활용 투숙객 서울 시내 복판 성급 호텔 플라자호텔 서울 국민카드 등급 이상 개인 신용 카드 회원 투숙 조건 객실 한정 판매 한다 조건 성급 노보 앰배서더 서울 동대문 노보 앰배서더 서울 용산 경우 원대 숙박 밀레니엄 힐튼 서울 국민카드 롯데카드 통해 원대 시작 특가 상품 내놓 전해졌 성급 호텔 돌려 손품 다양 선택지 신세계그룹 부티크 호텔 레스 케이프 호텔 현대 카드 플래티넘 이상 카드 소지 투숙객 원대 패키지 투숙 신용카드 고객 아니 라면 호텔 자체 플랫 이용 방편 호텔신라 자체 운영 프로그램 신라 예약 고객 비즈니스호텔 신라 스테이 서울 지역 숙박 부가가치세 별도 기준 선보이 롯데호텔 롯데호텔 워즈 성급 럭셔리 호텔 브랜드 시그 니엘 서울 프로모션 운영 원대 숙박 가능 호텔 업계 관계자 이맘때 서울 지역 호텔 비즈니스 고객 수요 상황 는데 하늘길 막히 면서 추석 보릿고개 우려 된다 사람 접촉 최소 패키지 기획 프로모션 나서 오정민 한경 닷컴 기자 기사 제보 보도 자료 기자 한경 기자 코너 네이버 한국 경제 뉴스 세요 모바일 한경 구독 신청 한국 경제 무단 전재 배포 금지,서울 호텔 눈물 시즌
12,1,2020.09.07,"코리아런드리, 위생관리에 특화된 세탁서비스로 승승장구","// flash 오류를 우회하기 위한 함수 추가
function _flash_removeCallback() {}

	
	최근 코로나19 재확산으로 인해 정부의 방역지침이 강화되고, ‘사회적 거리두기’가 2.5단계로 격상되면서 전 국민이 어려움을 겪고 있다. 코로나19 지역사회 확산이 본격화되면서 소비 심리가 급격히 위축되어 자영업자들은 매출 급감과 폐업 절벽에 내몰리고 있는 실정이다.㈜코리아런드리에서 운영 중인 매장 모습과 배포한 코로나19 행동 수칙 포스터이러한 가운데 프리미엄 셀프빨래방 브랜드 워시엔조이(WASHENJOY)를 운영하며 세탁장비 및 세탁솔루션을 유통하는 ㈜코리아런드리(서경노 대표이사)는 코로나19 확산으로 어려움을 겪고 있는 점주들과 상생하기 위해 항균제 지원 및 코로나19 감염증 확산을 막기 위한 행동 수칙 포스터를 제작하여 배포하는 등 위생 관리를 위한 도움의 손길을 내밀고 있다.㈜코리아런드리가 운영하는 전국 600개가 넘는 워시엔조이 모든 매장은 고객을 위한 위생 관리를 철저히 신경쓰고 있다. 전국의 모든 매장이 세계적으로 유일하게 HACCP 인증을 완료한 일렉트로룩스 프로페셔널 세탁 장비를 사용하고 있다. 이와 함께 세제 전문 회사와 오랜 연구개발 끝에 개발한 디스인펙턴트A(Disinfectant A)를 사용하는 자체 개발 항균세탁코스를 통해 전 국민이 안전하고, 깨끗하게 위생 관리를 할 수 있도록 세탁 서비스를 제공하고 있다.㈜코리아런드리는 이번 항균세탁코스와 함께 ‘세탁통항균세척’ 코스를 개발해 고객에 더욱 질높고 위생적인 세탁 서비스를 제공할 수 있도록 노력을 기울였다. ‘세탁통항균세척’ 코스는 셀프빨래방의 세탁기를 여러 명이 사용한다는 점에서 안심하고 이용할 수 있도록 개발한 ㈜코리아런드리만의 세탁 코스이다.또한, 코로나19의 영향으로 비대면 경제가 더욱 활성화되면서 현금 없는 ‘비접촉 결제’가 급증하고 있다. 더불어 디지털 결제 성장 속도 역시 빨라지고 있다.현금 없이도 멤버십 카드 솔루션을 통해 이용 가능한 워시엔조이 빨래방 모습이에 워시엔조이 빨래방은 ‘코인빨래방’, ‘동전빨래방’이라고 불리우며 동전, 지폐만 사용하던 빨래방에서 탈피해 업계 최초로 신용카드, 페이코, 삼성페이, 신한페이 등 다양한 간편결제 솔루션을 갖추어 고객들이 더욱 간편하고, 위생적으로 이용할 수 있도록 ‘간편결제 서비스’를 제공하고 있다.코로나19로 위생에 대한 전 세계인의 생각이 바뀐 지금, ㈜코리아런드리는 위생관리에 필요한 서비스를 개발해 감염증 확산을 막고, 고객에게 더욱 안전한 세탁 경험을 제공하기 위해 노력하고 있다.한편, ‘즐거운 빨래 문화를 만듭니다’라는 브랜드 모토로 2012년 론칭하며 국내 빨래방 시장의 한 획을 그은 워시엔조이는 6년 연속 소비만족지수 1위 기록, 600개가 넘는 매장 오픈 등 업계 독보적인 성장을 이어 오고 있다. 최근에는 중국, 태국 등에 진출해 국내를 넘어 해외에서도 프리미엄 빨래방 문화를 선도하고 있다.온라인뉴스부 iseoul@seoul.co.kr▶ 네이버에서 서울신문 구독하기 클릭! ▶ 세상에 이런 일이 ▶ [연예계 뒷얘기] 클릭!ⓒ 서울신문(www.seoul.co.kr), 무단전재 및 재배포금지",오류 우회 위한 함수 추가 최근 코로나 확산 인해 정부 방역 지침 강화 사회 거리 단계 격상 면서 국민 어려움 코로나 지역 사회 확산 본격 면서 소비 심리 위축 자영업 매출 급감 폐업 절벽 내몰리 실정 코리아 드리 운영 매장 모습 배포 코로나 행동 수칙 포스터 이러 가운데 프리미엄 셀프 빨래방 브랜드 워시 조이 운영 세탁장 세탁 솔루션 유통 코리아 런드 서경 대표 이사 코로나 확산 어려움 점주 상생 위해 항균 지원 코로나 감염증 확산 위한 행동 수칙 포스터 제작 배포 위생 관리 위한 도움 손길 내밀 코리아 드리 운영 전국 워시 매장 고객 위한 위생 관리 신경 전국 매장이 세계 유일 인증 완료 일렉트로 룩스 프로페셔널 세탁 장비 사용 세제 전문 회사 연구 개발 개발 디스 사용 자체 개발 항균 세탁 코스 통해 국민 전하 깨끗 위생 관리 도록 세탁 서비스 제공 코리아 드리 이번 항균 세탁 코스 세탁 통항 균세 코스 개발 고객 위생 세탁 서비스 제공 도록 노력 기울였 세탁 통항 균세 코스 셀프 빨래방 세탁기 사용 한다는 안심 이용 도록 개발 코리아 런드 리만 세탁 코스 코로나 영향 비대 경제 활성 면서 현금 접촉 결제 급증 더불 디지털 결제 성장 속도 빨라 현금 멤버십 카드 솔루션 통해 이용 가능 워시 조이 빨래방 모습 워시 조이 빨래방 코인 빨래방 동전 빨래방 불리우 동전 지폐 사용 빨래방 피해 업계 최초 신용카드 페이 삼성 페이 한페이 다양 간편 결제 솔루션 갖추 고객 간편 위생 이용 도록 간편 결제 서비스 제공 코로나 위생 대한 세계인 생각 바뀐 코리아 드리 위생 관리 필요 서비스 개발 감염증 확산 고객 전한 세탁 경험 제공 위해 노력 한편 즐거운 빨래 문화 만듭니다 라는 브랜드 모토 칭하 국내 빨래방 시장 그은 워시 조이 연속 소비 만족 지수 기록 매장 오픈 업계 독보 성장 최근 중국 태국 진출 국내 해외 프리미엄 빨래방 문화 선도 온라인 뉴스 네이버 서울 신문 구독 클릭 세상 연예계 뒷얘기 클릭 서울 신문 무단 전재 배포 금지,코리아 런드 위생 관리 특화 세탁 서비스 승승장구
